statistics,machinelearning,deeplearning,r,python,nlp,dataengineer,java,game,ar,blockchain,frontend,backend,database,mobile,programmer,designer
probability,machine learning,neural network,r,python,nlp,aws,jsp,c#,augmented reality,smart contract,html,node,mongo,android,algorithm,html
markov chain,linear regression,keras,ggplot,flask,natural language processing,ec2,servlet,c sharp,virtual reality,decentralized,css,django,sql,ios,competitive coding,css
monte carlo,logistic regression,theano,shiny,django,named entity recognition,s3,object oriented,unity,ar,blockchain,front end,back end,mongodb,android studio,,adobe xd
distribution,k means,face  detection,cran,pandas,word2vec,docker,java,gdevelop,vr,,react ,graphql,mysql,react native,,photoshop
statistics,random forest,cnn,dplyr,numpy,word embedding,kubernetes,advanced java,,,,angular,,sqlite,flutter,,illustrator
,svm,ann,tidyr,scikitlearn,spacy,scala,,,,,materialize,,database,java,,coreldraw
,naïve bayes,object detection,lubridate,sklearn,gensim,hadoop,,,,,ejs,,,kotlin,,figma
,ensemble,tensorflow,knitr,matplotlib,nltk,sql,,,,,reactjs,,,c#,,
,boltzman machine,opencv,,scipy,bag of words,,,,,,react.js,,,xml,,
,ml,cuda,,bokeh,skip gram,,,,,,html5,,,,,
,machinelearning,convolutional neural network,,statsmodel,sentiment analysis,,,,,,css3,,,,,
,,artificial neural network,,object oriented,chat bot,,,,,,bootstrap,,,,,
,,face detection,,,,,,,,,,,,,,
,,arima,,,,,,,,,,,,,,
,,deeplearning,,,,,,,,,,,,,,
